epoch,loss
0,2.1351845264434814
1,1.6816177368164062
0,1.3916149139404297
0,1.2535223960876465
1,1.0508118867874146
2,0.9071712493896484
3,0.7972226738929749
4,0.7049614191055298
